Unnamed: 0,composition,target (S/cm),log_target,Arrhenius Barrier (eV),structure files,temperature,Link to reference
248,Li1.65 Mn0.65 In0.35 Cl4,9.9e-08,-7.004364805,,50306.cif,25.0,https://doi.org/10.1039/D2EE03499A
179,Li6.5 La3 Hf1.5 Ta0.5 O12,0.0004,-3.397940009,0.4,258921.cif,25.0,https://doi.org/10.1039/D2EE03499A
301,Li4 Ge1 S4,2e-07,-6.698970004,0.53,92200.cif,25.0,https://doi.org/10.1039/D2EE03499A
95,Li6.26 La3 Zr2 Al0.24 O12,0.00031,-3.508638306,0.33,195182.cif,25.0,https://doi.org/10.1039/D2EE03499A
227,Li6 P1 Cl1 O5,5.54e-10,-9.256490235,0.66,421479.cif,25.0,https://doi.org/10.1039/D2EE03499A
115,K1 Na2 Li3 Fe2 Si12 O30,1e-10,-10.0,1.22,235750.cif,25.0,https://doi.org/10.1039/D2EE03499A
422,Li6.25 Si0.25 P0.75 S5 I1,0.000130652,-3.883883938,0.262148093,LSPSI_X025.cif,25.0,10.1021/acs.chemmater.9b01857
201,Li1.5 Zn0.75 P1 S4,1.65e-05,-4.782516056,0.25,264463A.cif,25.0,https://doi.org/10.1039/D2EE03499A
177,Li0.9 Zr0.1 Sc0.9 O2,1e-10,-10.0,0.912,257820.cif,25.0,https://doi.org/10.1039/D2EE03499A
143,Li2.5 V2 P3 O12,1.9e-07,-6.721246399,,240269.cif,25.0,https://doi.org/10.1039/D2EE03499A
48,Sr1 Li6 La2 Sb2 O12,6.6e-06,-5.180456064,0.54,161343.cif,25.0,https://doi.org/10.1039/D2EE03499A
428,Li6.8 Si0.8 P0.2 S5 I1,0.000538162,-3.269086971,0.238783805,LSPSI_X080.cif,25.0,Saneyuki Ohno
364,Li6.125 Si0.125 P0.875 S5 Br1,0.000928036,-3.032435176,0.189163202,Li6.125P0.875Si0.125S5Br.cif,25.0,10.1039/C7TA08581H
65,Na0.3 Li0.2 La0.5 Nb2 O6,1.18e-05,-4.928117993,,180631.cif,25.0,https://doi.org/10.1039/D2EE03499A
203,Li6 B0.9 P1 H3.6 S4.9,0.0018,-2.744727495,0.166,264526.cif,25.0,https://doi.org/10.1039/D2EE03499A
354,Li4 Sn1 S4,1.61e-06,-5.793174124,0.47372079,Li4SnS4.cif,25.0,10.1021/acs.chemmater.9b01059
404,Li6 P1 S5 I1,1.77e-06,-5.752026734,0.40854,Li6PS5I_n.cif,25.0,10.1021/jacs.7b06327
271,Li2 Mg1 Cl4,6.24e-07,-6.20481541,,74957.cif,25.0,https://doi.org/10.1039/D2EE03499A
38,Li5 La3 Ta2 O12,4.33e-06,-5.363512104,0.5,154400.cif,25.0,https://doi.org/10.1039/D2EE03499A
392,Li6 P1 Se0.6 S4.4 Br1,0.002733462,-2.563286959,0.3412,Li6PS5Br_60Se.cif,25.0,10.1021/acs.inorgchem.8b02443
393,Li6 P1 Se0.7 S4.3 Br1,0.00301,-2.521433504,0.35,Li6PS5Br_70Se.cif,25.0,https://doi.org/10.1039/D2EE03499A
124,Li5.5 La3 Y0.25 Nb1.75 O12,9.18e-05,-4.037157319,,237145.cif,25.0,https://doi.org/10.1039/D2EE03499A
333,Li6.6 Ge0.6 P0.4 S5 I1,0.005119718,-2.29075396,0.23514,LGPSI_060_N.cif,25.0,10.1021/jacs.8b10282
195,Li1.5 Al0.5 Ge1.5 P3 O12,0.000286,-3.543633967,0.38,263764.cif,25.0,https://doi.org/10.1039/D2EE03499A
288,Li3 Al1 F6,5e-07,-6.301029996,0.54,85171.cif,25.0,https://doi.org/10.1039/D2EE03499A
194,Li1.5 Al0.5 Ge1.5 P3 O12,0.000336,-3.473660723,0.426,263763.cif,25.0,https://doi.org/10.1039/D2EE03499A
363,Li5.9 P1 Se4.9 Br1.1,0.002167087,-2.664123653,0.38451,Li59PSe49Br11.cif,25.0,Johannes Hartel
29,Li3.75 V0.25 Ge0.75 O4,5.66e-06,-5.247183569,,150918.cif,25.0,https://doi.org/10.1039/D2EE03499A
434,Li6.4 Sn0.1 P0.6 Se5 I1,0.001691889,-2.771628133,0.257620809,Se_Sn040.cif,25.0,10.1021/acs.inorgchem.1c02813
50,Li5 Al1 O4,5e-10,-9.301029996,0.99,16229.cif,25.0,https://doi.org/10.1039/D2EE03499A
309,Li2.667 Mg0.667 P2 S6,4e-06,-5.397940009,0.46,95607.cif,25.0,https://doi.org/10.1039/D2EE03499A
425,Li6.5 Si0.5 P0.5 S5 I1,0.001015141,-2.993473631,0.229922299,LSPSI_X050.cif,25.0,10.1021/acs.chemmater.9b01857
267,Li2 Mn1 Cl4,4.79e-06,-5.319664487,,69678.cif,25.0,https://doi.org/10.1039/D2EE03499A
116,Sr1 Li1 Ta2 O6 F1,1e-10,-10.0,0.604,236010.cif,25.0,https://doi.org/10.1039/D2EE03499A
339,Li2ZrCl6,0.00089,-3.050609993,0.35,Li2ZrCl4_p3m1.cif,25.0,https://doi.org/10.1038/s41467-021-24697-2
410,Li6 P1 Se5 I1,0.00031874,-3.496563432,0.285776046,Li6PSe5I.cif,25.0,10.1021/acsaem.9b01794
388,Li6 P1 S5 Br1,0.001571152,-2.803781797,0.342684669,Li6PS5Br_33disorder.cif,25.0,10.1002/aenm.202003369
382,Li6 P1 S5 Br1,0.00053773,-3.269435734,0.307402358,Li6PS5Br_10disorder.cif,25.0,10.1002/aenm.202003369
297,Li5 Ga1 O4,5e-09,-8.301029996,0.71,9082.cif,25.0,https://doi.org/10.1039/D2EE03499A
263,Li1 P1 N2,1.6e-07,-6.795880017,0.4,66007.cif,25.0,https://doi.org/10.1039/D2EE03499A
328,Li6.2 Ge0.2 P0.8 S5 I1,3.31e-05,-4.480172006,0.3605,LGPSI_02.cif,25.0,10.1021/jacs.8b10282
132,Li7.22 Si1.5 P0.5 O8,1.64e-07,-6.785156152,0.48,238602.cif,25.0,https://doi.org/10.1039/D2EE03499A
355,Li4 Sn1 Se4,4.87e-08,-7.312471039,0.535183821,Li4SnSe4.cif,25.0,Nicolo Minafra
337,Li2HfCl6,0.0005,-3.301029996,0.35,Li2HfCl6_Ideal Layered Structure_SSW-NN.cif,30.0,https://doi.org/10.1021/acs.nanolett.2c00187
402,Li6 P1 S5 Cl1,0.00209365,-2.679095919,0.42899,Li6PS5Cl_n.cif,25.0,10.1021/jacs.7b06327
28,Li2 Te1 O4,1e-10,-10.0,1.129,1485.cif,25.0,https://doi.org/10.1039/D2EE03499A
1,Li3.95 Ge0.95 Sb0.05 S4,7.38e-06,-5.131943638,0.4703,005Sb_final.cif,25.0,10.1021/acs.chemmater.2c00608
326,Li6.1 Ge0.1 P0.9 S5 I1,9.21e-06,-5.03574037,0.38578,LGPSI_01.cif,25.0,10.1021/jacs.8b10282
429,LiGa(SeO3)2,0.00011,-3.958607315,0.17,mp-1198930.cif,27.0,DOI: 10.1038/s41563-022-01222-4
365,Li6.1Si0.1Sb0.9S5I ,6.7e-06,-5.173925197,0.55,Li6.1Si0.1Sb0.9S5I.cif,25.0,10.1021/jacs.9b08357
420,Li6.1 Si0.1 P0.9 S5 I1,6.1e-06,-5.214670165,0.369322434,LSPSI_X010.cif,25.0,10.1021/acs.chemmater.9b01857
175,Li1 Al1 Ge1 O4,1e-10,-10.0,0.97,257741.cif,25.0,https://doi.org/10.1039/D2EE03499A
264,Li3.5 V0.5 Ge0.5 O4,1.77e-05,-4.752026734,,66576.cif,25.0,https://doi.org/10.1039/D2EE03499A
381,Li6 P1 S5 Br1,0.002636447,-2.578980955,0.30955,Li6PS5Br_0Se.cif,25.0,10.1021/acs.inorgchem.8b02443
325,Li10 Ge1 Sb0.25 P1.75 S12,0.009267185,-2.033052167,0.27821,LGPS_025Sb_300K.cif,25.0,10.1039/D2CP04710A
39,Li3 B1 N2,8.7e-08,-7.060480747,0.55,155126.cif,26.85,"Nature Communications, 10, 5260 (2019)"
111,Li8 Ge1 P4,8.6e-05,-4.065501549,0.394,235185.cif,25.0,https://doi.org/10.1039/D2EE03499A
86,Li5.5 Nd3 Zr2 Al0.5 O12,3.9e-05,-4.408935393,0.56,189530.cif,25.0,https://doi.org/10.1039/D2EE03499A
78,Li1 V1 P1 O4 F1,8.1e-07,-6.091514981,0.23,183876.cif,25.0,https://doi.org/10.1039/D2EE03499A
344,Li3 Y1 Cl6,0.000302536,-3.519222939,0.411253719,Li3YCl6_mechanochemical.cif,25.0,10.1021/acs.chemmater.0c04352
401,Li6 P1 S5 Br0.75 Cl0.25,0.001949653,-2.710042678,0.32922,Li6PS5Br0.75Cl0.25_n.cif,25.0,10.1021/jacs.7b06327
83,Li0.5 Ce0.25 Pr0.25 Mo1 O4,1e-09,-9.0,0.5,186451.cif,25.0,https://doi.org/10.1039/D2EE03499A
331,Li6.4 Ge0.4 P0.6 S5 I1,0.001507029,-2.82187839,0.24065,LGPSI_04.cif,25.0,10.1021/jacs.8b10282
127,Sr1 Li6 La2 Ta2 O12,5.4e-06,-5.26760624,0.45,237200.cif,25.0,https://doi.org/10.1039/D2EE03499A
247,Li1.9 Mn0.9 Ga0.1 Cl4,2.37e-07,-6.625251654,,50305.cif,25.0,https://doi.org/10.1039/D2EE03499A
396,Li6 P1 S5 Br1,0.001116615,-2.952096542,0.30022,Li6PS5Br_n.cif,25.0,10.1021/jacs.7b06327
281,Li6 I3 N1,3.7e-06,-5.431798276,,83380.cif,25.0,https://doi.org/10.1039/D2EE03499A
357,Li5.9 Sb1 S4.9 I1.1,1.99e-07,-6.701146924,0.501,Li5_9SbS4_9I1_1_HT.cif,25.0,Hauke Gl√ºck
72,Li3 Sc1 Cl6,0.003,-2.522878745,0.365,18229.cif,25.0,https://doi.org/10.1021/jacs.0c00134
416,Li6.2 Sn0.2 P0.8 S5 I1,4.32e-05,-4.364516253,0.348550085,LSnPSI_X020.cif,25.0,10.1021/acs.chemmater.9b01857
209,Li4 Sn1 S4,7e-05,-4.15490196,0.29,290832.cif,25.0,https://doi.org/10.1039/D2EE03499A
292,Li2 Zn1 Ge3 O8,1e-10,-10.0,2.14,86169.cif,25.0,https://doi.org/10.1039/D2EE03499A
259,Li6 Zn1 O4,9.4e-09,-8.026872146,0.61,62137.cif,25.0,https://doi.org/10.1039/D2EE03499A
390,Li6 P1 Se0.4 S4.6 Br1,0.00364,-2.438898616,0.33,Li6PS5Br_40Se.cif,25.0,https://doi.org/10.1039/D2EE03499A
345,Li4 Sn0.75 Ge0.25 S4,4.06e-07,-6.391473966,0.564604274,Li4Ge0.25Sn0.75S4.cif,25.0,10.1021/acs.chemmater.9b01059
41,Li3 N1,0.0003,-3.522878745,0.26,156894.cif,25.0,https://doi.org/10.1039/D2EE03499A
23,Li4 B7 Cl1 O12,2.4e-05,-4.619788758,,1125.cif,25.0,https://doi.org/10.1039/D2EE03499A
342,Li3 Sb1 S4,8.69e-11,-10.06098022,0.75012,Li3SbS4_neutron.cif,25.0,"Bianca Helm, paper in preparation"
246,Li3 Yb1 Cl6,0.0001,-4.0,0.5,50152.cif,30.0,https://doi.org/10.1021/acsmaterialslett.1c00142
169,Li10 Ge1 P2 S12,0.012,-1.920818754,0.25,255749.cif,25.0,https://doi.org/10.1039/D2EE03499A
224,Li1 Gd1 P4 O12,1e-10,-10.0,1.7,416442.cif,25.0,https://doi.org/10.1039/D2EE03499A
94,Li1 Al1 Si4 O10,1.01e-10,-9.995678626,,194284.cif,25.0,https://doi.org/10.1039/D2EE03499A
9,Li3 Sb0.8 P0.2 S4,3.06e-08,-7.514278574,0.61701,020P.cif,25.0,"Bianca Helm, paper in preparation"
3,Li3 Sb0.9 P0.1 S4,1.2e-09,-8.920818754,0.7386,010P.cif,25.0,"Bianca Helm, paper in preparation"
51,Li3 H4 I1 N2,1e-05,-5.0,0.58,167528.cif,25.0,https://doi.org/10.1039/D2EE03499A
91,Li10 Sn1 P2 S12,0.007,-2.15490196,0.27,193755.cif,25.0,https://doi.org/10.1039/D2EE03499A
225,Li2 Si1 N2,1.6e-07,-6.795880017,,420126.cif,25.0,https://doi.org/10.1039/D2EE03499A
137,Sr0.1 Li1 La0.9 O2,6.29e-10,-9.201349355,0.62,239279.cif,25.0,https://doi.org/10.1039/D2EE03499A
163,Li1 Ga2 Ge1 S6,3.8e-08,-7.420216403,0.47,254406.cif,25.0,https://doi.org/10.1039/D2EE03499A
147,Li4 P2 S6,1.6e-10,-9.795880017,0.48,242170.cif,25.0,https://doi.org/10.1021/acs.chemmater.6b04175
144,Li9 S3 N1,8.3e-07,-6.080921908,0.52,240749.cif,25.0,https://doi.org/10.1039/D2EE03499A
27,Na1 Li1 S1 O4,8.8e-10,-9.055517328,,14364.cif,25.0,https://doi.org/10.1039/D2EE03499A
431,Li6.1 Sn0.1 P0.9 Se5 I1,0.00081627,-3.088166165,0.287471941,Se_Sn010.cif,25.0,10.1021/acs.inorgchem.1c02813
160,Li0.4 La0.6 Ti0.8 Al0.2 O3,0.000568,-3.245651664,,254046.cif,25.0,https://doi.org/10.1039/D2EE03499A
13,Li3 Sb0.7 P0.3 S4,1.05e-07,-6.978810701,0.507,030P.cif,25.0,"Bianca Helm, paper in preparation"
190,Li1 Sb1 O2,1e-10,-10.0,0.88,262075.cif,25.0,https://doi.org/10.1039/D2EE03499A
228,Li7 La3 Zr2 O12,0.000569,-3.244887734,0.36,422259.cif,25.0,https://doi.org/10.1039/D2EE03499A
405,Li6 P1 S5 I1,3.46e-06,-5.460923901,0.38024994,Li6PS5I.cif,25.0,10.1021/acsaem.9b01794
189,Li1 Zn1 S1 O4 F1,2.8e-05,-4.552841969,0.2455,261343.cif,25.0,https://doi.org/10.1039/D2EE03499A
133,Li4 Si1 O4,5e-10,-9.301029996,0.55,238603.cif,25.0,https://doi.org/10.1039/D2EE03499A
54,Li1.2 Mg0.2 Ti1.6 O4,4.24e-09,-8.372634143,0.615,168141.cif,25.0,https://doi.org/10.1039/D2EE03499A
180,Li6.5 La3 Ta0.5 Sn1.5 O12,0.00019,-3.721246399,0.45,258922.cif,25.0,https://doi.org/10.1039/D2EE03499A
26,Li1.5Ta2P0.5Si0.5O8,0.00082,-3.086186148,0.309,113374.cif,25.0,10.1021/acs.chemmater.1c01837
403,Li6 P1 S5 Cl1,0.002244457,-2.648888711,0.419372305,Li6PS5Cl1.cif,25.0,10.1021/acsaem.1c01417
386,Li6 P1 S5 Br1,0.001339893,-2.872929882,0.346232129,Li6PS5Br_28disorder.cif,25.0,10.1002/aenm.202003369
136,Li1 La1 O2,1e-10,-10.0,0.92,239278.cif,25.0,https://doi.org/10.1039/D2EE03499A
89,Sr0.23 Li0.368 La0.402 Ti1 O3,2.87e-05,-4.542118103,0.36,190827.cif,25.0,https://doi.org/10.1039/D2EE03499A
87,Sr0.049 Li0.461 La0.49 Ti1 O3,0.000709,-3.149353765,0.33,190825.cif,25.0,https://doi.org/10.1039/D2EE03499A
171,Li1.3 Ti1.7 Al0.3 P3 O12,0.00113,-2.946921557,0.23,257190.cif,25.0,https://doi.org/10.1039/D2EE03499A
82,Li0.5 Ce0.5 Mo1 O4,1.3e-08,-7.886056648,0.4,186450.cif,25.0,https://doi.org/10.1039/D2EE03499A
251,Li1 Al1 Si1 O4,2e-09,-8.698970004,0.68,55665.cif,25.0,https://doi.org/10.1039/D2EE03499A
46,Li5 Nd3 Sb2 O12,1.3e-07,-6.886056648,0.67,159426.cif,25.0,https://doi.org/10.1039/D2EE03499A
134,Li1 H7 C3 N1 Cl1 O1,0.00016,-3.795880017,0.881,238683.cif,25.0,https://doi.org/10.1039/D2EE03499A
329,Li6.25 Ge0.25 P0.75 S5 I1,0.000152148,-3.817733752,0.30488,LGPSI_025_N.cif,25.0,10.1021/jacs.8b10282
285,Li6 Br3 N1,1e-08,-8.0,0.69,84091.cif,25.0,https://doi.org/10.1039/D2EE03499A
369,Li6.2Sn0.2Sb0.8S5I ,0.019,-1.721246399,0.23,Li6.2Sn0.2Sb0.8S5I.cif,25.0,10.1021/jacs.9b08357
338,Li2 P2 S6,7.7e-11,-10.11350927,0.512353488,Li2P2S6.cif,25.0,10.1021/acs.inorgchem.7b00751
206,Ba1 Li1 P2 O7,1e-10,-10.0,,280927.cif,25.0,https://doi.org/10.1039/D2EE03499A
377,Li6 P1 S5 Br1,0.000726358,-3.138849276,0.195406109,Li6P1Si0S5Br.cif,25.0,10.1039/C7TA08581H
368,Li6.2Ge0.2Sb0.8S5I ,0.00087,-3.060480747,0.3,Li6.2Ge0.2Sb0.8S5I.cif,25.0,10.1021/jacs.9b08357
241,Li4B4Al3O12Br,2.7e-07,-6.568636236,,46852.cif,21.0,https://doi.org/10.1016/j.ssi.2022.115921
351,Li4 Ge1 Se4,4.62e-06,-5.335358024,0.463140621,Li4GeSe4.cif,25.0,Nicolo Minafra
12,Li2.8 Zr0.2 In0.8 Cl6,0.000799153,-3.097370066,0.38258,020Zr.cif,25.0,10.1021/acs.chemmater.1c01348
196,Li1.7 Al0.7 Ge1.3 P3 O12,0.000264,-3.578396073,0.45,263765.cif,25.0,https://doi.org/10.1039/D2EE03499A
384,Li6 P1 S5 Br1,0.000942366,-3.025780391,0.319206534,Li6PS5Br_18disorder.cif,25.0,10.1002/aenm.202003369
188,Li6 P1 S5 Cl1,3.3e-05,-4.48148606,0.38,259205.cif,25.0,https://doi.org/10.1039/D2EE03499A
182,Li5.5 La3 Sm0.25 Ta1.75 O12,5.17e-06,-5.286509457,,259166.cif,25.0,https://doi.org/10.1039/D2EE03499A
176,Li1 Sc1 O2,1e-10,-10.0,1.047,257819.cif,25.0,https://doi.org/10.1039/D2EE03499A
299,Li1 La1 Ti1 O4,1e-10,-10.0,0.83,91843.cif,25.0,https://doi.org/10.1039/D2EE03499A
237,Li1 Bi1 O2,3.8e-08,-7.420216403,0.1,46022.cif,25.0,https://doi.org/10.1039/D2EE03499A
216,Li2.5Er0.5Zr0.5Cl6,0.0011,-2.958607315,0.34,34302.cif,25.0,https://doi.org/10.1021/acsenergylett.9b02599
231,Li17 Sb13 S28,1.05e-09,-8.978810701,0.4,429902.cif,25.0,https://doi.org/10.1039/D2EE03499A
417,Li6.25 Sn0.25 P0.75 S5 I1,7.72e-05,-4.1123827,0.337193341,LSnPSI_X025.cif,25.0,10.1021/acs.chemmater.9b01857
20,Li1 Ta2 P1 O8,0.00039,-3.408935393,0.41,110781.cif,25.0,10.1021/acs.chemmater.1c01837
272,Li1 Cd1 Cl4,5.8e-07,-6.236572006,0.44,74958.cif,25.0,https://doi.org/10.1039/D2EE03499A
361,Li5.8 P1 Se4.8 Br1.2,0.001892037,-2.723070375,0.359,Li58PSe48Br12.cif,25.0,Johannes Hartel
107,Li6.2 Si0.2 P0.8 S5 Br1,0.00169,-2.772113295,0.25,234592.cif,25.0,https://doi.org/10.1039/D2EE03499A
126,Ba0.5 Sr0.5 Li6 La2 Ta2 O12,7.1e-06,-5.148741651,0.45,237199.cif,25.0,https://doi.org/10.1039/D2EE03499A
375,Li6.75 P1 S5.75 Cl0.25,0.000586203,-3.231951963,0.444480781,Li6.75PS5.75Cl0.25.cif,25.0,10.1021/acsaem.1c01417
43,Li7 P3 S11,0.017,-1.769551079,0.17,157654.cif,25.0,https://doi.org/10.1039/D2EE03499A
121,Li6 La3 Y0.5 Nb1.5 O12,0.000188,-3.725842151,,237141.cif,25.0,https://doi.org/10.1039/D2EE03499A
148,Li7 La3 Zr2 O12,3.1e-07,-6.508638306,0.67,246816.cif,26.85,"Nature Communications, 10, 5260 (2019)"
407,Li6 P1 S5 I0.5 Br0.5,2.97e-05,-4.527243551,0.31318,Li6PS5I0.50Br0.50_n.cif,25.0,10.1021/jacs.7b06327
178,Li7 Ge3 P1 S12,0.00011,-3.958607315,0.259,258187.cif,25.0,https://doi.org/10.1039/D2EE03499A
352,Li4 Sn1 Se2 S2,3.34e-05,-4.476253533,0.487491338,Li4SnS2Se2.cif,25.0,Nicolo Minafra
380,Li6 P1 Se1 S4 Br1,0.003468372,-2.459874328,0.34205,Li6PS4SeBr.cif,25.0,10.1021/acs.inorgchem.8b02443
266,Li7 P1 N4,1.6e-07,-6.795880017,0.4,69017.cif,25.0,https://doi.org/10.1039/D2EE03499A
193,Li1.4 Al0.4 Ge1.6 P3 O12,0.000188,-3.725842151,0.407,263762.cif,25.0,https://doi.org/10.1039/D2EE03499A
150,Li4 P2 O7,1e-10,-10.0,1.617,248414.cif,25.0,https://doi.org/10.1039/D2EE03499A
11,Li3.2 Sn0.2 Sb0.8 S4,2.93e-06,-5.53313238,0.43411,020Sn.cif,25.0,"Bianca Helm, paper in preparation"
343,Li3 Y1 Br6,0.001391502,-2.856516165,0.459255324,Li3YBr6_mechanochemical.cif,25.0,10.1021/acs.chemmater.0c04352
131,Li6.6 Si1 P1 O8,1.48e-07,-6.829738285,0.49,238601.cif,25.0,https://doi.org/10.1039/D2EE03499A
202,Li1.19 Zn0.9 P1 S4,6.5e-06,-5.187086643,0.25,264463B.cif,25.0,https://doi.org/10.1039/D2EE03499A
419,Li6 P1 S5 I1,1.34e-06,-5.872895202,0.352061892,LSPSI_X000.cif,25.0,10.1021/acs.chemmater.9b01857
245,Li3 Er1 Cl6,0.00033,-3.48148606,0.41,50151.cif,25.0,https://doi.org/10.1039/D2EE03499A
433,Li6.3 Sn0.1 P0.7 Se5 I1,0.002325978,-2.633394397,0.272185233,Se_Sn030.cif,25.0,10.1021/acs.inorgchem.1c02813
172,Li3 Al1 N2,5e-08,-7.301029996,0.45,257464.cif,25.0,https://doi.org/10.1039/D2EE03499A
295,Sr3 Li4 Nb6 O20,1e-10,-10.0,,87824.cif,25.0,https://doi.org/10.1039/D2EE03499A
399,Li6 P1 S5 Br0.25 Cl0.75,0.002105826,-2.676577517,0.41083,Li6PS5Br0.25Cl0.75_n.cif,25.0,10.1021/jacs.7b06327
221,Na5 Li3 Ti2 S8,8.8e-06,-5.055517328,0.4,391258.cif,25.0,https://doi.org/10.1039/D2EE03499A
211,Li1 Eu9 Si6 O26,1e-10,-10.0,,291220.cif,25.0,https://doi.org/10.1039/D2EE03499A
40,Li7 Bi1 O6,8.8e-07,-6.055517328,0.58,155950.cif,25.0,https://doi.org/10.1039/D2EE03499A
220,Li1 I1 O3,1.9e-07,-6.721246399,,35473.cif,25.0,https://doi.org/10.1039/D2EE03499A
70,Li4 Ge1 O4,2.8e-10,-9.552841969,0.73,18096.cif,25.0,https://doi.org/10.1039/D2EE03499A
346,Li4 Sn0.75 Ge0.25 Se4,7.06e-07,-6.151195299,0.584472796,Li4Ge0.25Sn0.75Se4.cif,25.0,Nicolo Minafra
187,Li6 P1 S5 Br0.5 Cl0.5,0.00333,-2.477555766,0.367,259201.cif,25.0,https://doi.org/10.1039/D2EE03499A
15,Li3 Sb0.6 P0.4 S4,3.45e-07,-6.462180905,0.46148,040P.cif,25.0,"Bianca Helm, paper in preparation"
350,Li4 Sn0.25 Ge0.75 Se4,5.46e-06,-5.262807357,0.48206296,Li4Ge0.75Sn0.25Se4.cif,25.0,Nicolo Minafra
359,Li5.75 P1 S4.75 Cl1.25,0.003968394,-2.401385216,0.399338596,Li5.75PS4.75Cl1.25.cif,25.0,10.1021/acsaem.1c01417
252,Li1.5 Ti0.5 Fe0.5 P3 O12,0.00027,-3.568636236,0.32,55751.cif,25.0,https://doi.org/10.1039/D2EE03499A
341,Li3 Er1 Cl6,0.000104653,-3.980248318,0.467932014,Li3ErCl6_BM_1min.cif,25.0,10.1002/aenm.201903719
5,Li3.1 Sn0.1 Sb0.9 S4,3.76e-08,-7.424812155,0.59823,010Sn.cif,25.0,"Bianca Helm, paper in preparation"
155,Li1.3 Ti1.7 Al0.3 P3 O12,8.02e-07,-6.095825632,,253240.cif,25.0,https://doi.org/10.1039/D2EE03499A
367,Li6.25 P1 S5.25 Cl0.75,0.001288554,-2.889897377,0.427619905,Li6.25PS5.25Cl0.75.cif,25.0,10.1021/acsaem.1c01417
394,Li6 P1 Se0.8 S4.2 Br1,0.003358497,-2.473855035,0.34458,Li6PS5Br_80Se.cif,25.0,10.1021/acs.inorgchem.8b02443
159,Li0.45 La0.55 Ti0.9 Al0.1 O3,0.00151,-2.821023053,,254045.cif,25.0,https://doi.org/10.1039/D2EE03499A
371,Li6.4Si0.4Sb0.6S5I ,0.00414,-2.382999659,0.25,Li6.4Si0.4Sb0.6S5I.cif,25.0,10.1021/jacs.9b08357
16,Li2.6 Zr0.4 In0.6 Cl6,0.001221981,-2.912935547,0.34598,040Zr.cif,25.0,10.1021/acs.chemmater.1c01348
217,Li2 Zn1 Ge1 O4,1e-07,-7.0,0.4,34362.cif,25.0,https://doi.org/10.1039/D2EE03499A
373,Li6.5 P1 S5.5 Cl0.5,0.00106689,-2.971880356,0.430592939,Li6.5PS5.5Cl0.5.cif,25.0,10.1021/acsaem.1c01417
258,Li1 Ga1 Br4,7e-06,-5.15490196,0.54,61337.cif,25.0,https://doi.org/10.1039/D2EE03499A
85,Li2 P1 N1 O2,1e-10,-10.0,0.57,188493.cif,25.0,https://doi.org/10.1039/D2EE03499A
52,Li5 I2 N1,4e-06,-5.397940009,,16800.cif,25.0,https://doi.org/10.1039/D2EE03499A
269,Li2 Mg1 Br4,7.8e-10,-9.107905397,0.77,73276.cif,25.0,https://doi.org/10.1039/D2EE03499A
311,Li1 Ti2 P3 O12,0.000161,-3.793174124,0.21,95979.cif,25.0,https://doi.org/10.1039/D2EE03499A
204,Li3 N1,0.0012,-2.920818754,0.25,26540.cif,25.0,https://doi.org/10.1039/D2EE03499A
77,Li6.75 La3 Zr1.75 Ta0.25 O12,0.00087,-3.060480747,0.22,183873.cif,25.0,https://doi.org/10.1039/D2EE03499A
205,Li1 Ta2 P1 O8,0.0016,-2.795880017,0.32,267438.cif,25.0,https://doi.org/10.1039/D2EE03499A
18,Li14 Zn1 Ge4 O16,1e-06,-6.0,0.24,100169.cif,25.0,https://doi.org/10.1039/D2EE03499A
103,Li6.05 Si0.05 P0.95 S5 Br1,0.000437,-3.359518563,0.173,234586.cif,25.0,https://doi.org/10.1039/D2EE03499A
385,Li6 P1 Se0.2 S4.8 Br1,0.003732333,-2.428019615,0.34458,Li6PS5Br_20Se.cif,25.0,10.1021/acs.inorgchem.8b02443
66,Na0.4 Li0.1 La0.5 Nb2 O6,1.21e-05,-4.91721463,,180632.cif,25.0,https://doi.org/10.1039/D2EE03499A
142,Li1 B1 H4,1e-08,-8.0,,239763.cif,25.0,https://doi.org/10.1039/D2EE03499A
348,Li4 Sn0.5 Ge0.5 Se4,1.79e-06,-5.747146969,0.562784486,Li4Ge0.50Sn0.50Se4.cif,25.0,Nicolo Minafra
162,Li0.3 La0.7 Ti0.6 Al0.4 O3,1.04e-07,-6.982966661,,254048.cif,25.0,https://doi.org/10.1039/D2EE03499A
406,Li6 P1 S5 I0.75 Br0.25,4.94e-06,-5.306273051,0.35636,Li6PS5I0.25Br0.75_n.cif,25.0,10.1021/jacs.7b06327
414,Li6.1 Sn0.1 P0.9 S5 I1,3.58e-05,-4.446116973,0.346267829,LSnPSI_X010.cif,25.0,10.1021/acs.chemmater.9b01857
273,Li2 V1 Cl4,6.95e-06,-5.158015195,,74959.cif,25.0,https://doi.org/10.1039/D2EE03499A
379,Li6 P1 Se2 S3 I1,5.5e-05,-4.259637311,0.339566301,Li6PS3Se2I.cif,25.0,10.1021/acsaem.9b01794
45,Sr1 Li6 La2 Bi2 O12,5.2e-05,-4.283996656,0.43,158373.cif,26.85,https://doi.org/10.1039/D2EE03499A
2,Li3.05 Sn0.05 Sb0.95 S4,3.65e-09,-8.437707136,0.68074,005Sn.cif,25.0,"Bianca Helm, paper in preparation"
215,Li1 Si2 N3,6.17e-08,-7.209714836,0.64,34118.cif,25.0,https://doi.org/10.1039/D2EE03499A
141,Li1 Y1 B4 H16,1.26e-06,-5.899629455,,239762.cif,25.0,https://doi.org/10.1039/D2EE03499A
424,Li6.4 Si0.4 P0.6 S5 I1,0.00063831,-3.194968352,0.222838088,LSPSI_X040.cif,25.0,10.1021/acs.chemmater.9b01857
59,Li5 La3 Nb2 O12,1e-05,-5.0,0.43,171171.cif,25.0,https://doi.org/10.1039/D2EE03499A
174,Li1 Al0.5 Ga0.5 Ge1 O4,1e-10,-10.0,1.06,257740.cif,25.0,https://doi.org/10.1039/D2EE03499A
97,Li1 B1 O2,1e-08,-8.0,0.71,200891.cif,25.0,https://doi.org/10.1039/D2EE03499A
167,Li3.5 Zn0.5 Ga0.5 P2 O8,1e-10,-10.0,1.02,255468.cif,25.0,https://doi.org/10.1039/D2EE03499A
